<?xml version="1.0" encoding="UTF-8"?>
<project-private xmlns="http://www.netbeans.org/ns/project-private/1">
    <editor-bookmarks xmlns="http://www.netbeans.org/ns/editor-bookmarks/2" lastBookmarkId="0"/>
    <open-files xmlns="http://www.netbeans.org/ns/projectui-open-files/2">
        <group>
            <file>file:/Users/Kuzman/Dropbox/Filip/School/Fall%202015/Course%20Content/IST140/ist140/Unit6ProblemSet/src/unit6problemset/Instructions</file>
            <file>file:/Users/Kuzman/Dropbox/Filip/School/Fall%202015/Course%20Content/IST140/ist140/Unit6ProblemSet/src/unit6problemset/Unit6ProblemSet.java</file>
        </group>
    </open-files>
</project-private>
